Ticker,High,Low,Close,Volume,Trading_Volume
DOCU,155.4,131.5,135.1,75590162,10212231347.565735
BABA,118.2,108.7,112.0,69657256,7801612672.0
MRVL,88.49,80.47,83.59,50836859,4249452857.639862
VXX,30.15,25.3,27.96,129303300,3615320149.619293
LCID,49.38,44.57,47.27,75865700,3586171673.7285614
SQ,192.9,174.3,181.3,19070423,3457467748.0983124
LQD,134.6,133.1,134.3,25729919,3455528200.2214813
NIO,35.22,31.5,32.15,105499450,3391807478.4793854
APP,96.19,81.45,93.53,29153756,2726750763.091919
SNOW,360.0,330.8,345.1,5982027,2064397554.2113953
SHOP,1468.0,1357.0,1410.0,1412346,1991407860.0
SPXL,130.3,120.8,124.3,15884795,1974480066.9765472
AMC,31.06,25.31,29.01,65983344,1914176824.542389
COIN,286.0,258.2,265.7,6678629,1774511806.826233
SE,256.7,242.7,253.4,6964619,1764834412.091339
RBLX,120.8,109.4,113.8,15450008,1758210957.5496826
UBER,37.84,35.26,35.85,47304131,1695853024.1696243
TNA,82.69,74.22,76.37,21565377,1646947900.721077
ZM,187.8,177.1,183.9,8923660,1641061019.5343018
BRK.B,280.0,275.3,277.4,5766357,1599587396.60495
JD,80.46,73.69,77.95,20340270,1585523984.426422
CRWD,213.3,188.4,197.1,7790242,1535456745.7478638
RIVN,111.9,100.0,104.7,13705730,1434989889.1734314
BIDU,143.6,132.1,137.4,10277534,1412133108.8709106
XLRN,179.9,177.1,178.8,7884200,1409694984.060669
MELI,1138.0,1041.0,1053.0,1289809,1358168877.0
Z,60.54,56.76,60.39,22202605,1340815302.3986053
AFRM,114.9,103.8,107.2,12483278,1338207363.5040588
UPST,191.8,167.7,171.6,7623312,1308160385.729004
XPEV,48.25,42.78,43.8,29019578,1271057494.259819
PDD,56.69,52.01,54.44,21847294,1189366655.3573074
SOXL,67.95,60.7,62.93,18752542,1180097473.7828217
BNTX,346.2,328.0,344.1,3315289,1140790965.1349182
VEA,50.32,49.58,49.88,22552898,1124938576.329094
U,154.6,138.7,146.9,7393220,1086063972.8753662
ABNB,170.7,162.1,166.8,6457156,1077053640.5056763
PLTR,19.53,18.4,18.98,55754319,1058216949.0976982
TWLO,266.7,241.7,248.2,4041323,1003056356.266861
PANW,543.3,518.5,520.9,1901473,990477332.1226807
SOFI,16.44,14.62,15.19,64149331,974428310.9718695
PLUG,36.7,32.42,33.46,29087806,973277962.1293182
NET,167.7,150.2,159.7,6072140,969720739.4692993
ASAN,72.49,63.85,66.98,13887600,930191494.619751
SNAP,48.67,45.46,46.79,19504970,912637564.1573334
CVNA,268.3,245.4,261.4,3481424,910044212.3510742
TSM,121.9,118.0,119.3,7478879,892230287.5237274
LI,33.2,27.73,28.5,30266706,862601121.0
ASML,790.7,759.8,771.5,1114567,859888440.5
ROKU,210.5,199.1,205.6,4155839,854440523.7652283
DKNG,31.23,27.48,28.37,30089112,853628132.6917877
DDOG,168.9,152.8,164.2,5134130,843024130.3318787
DASH,162.7,149.6,157.7,5262905,829960102.4388885
ZS,330.0,300.5,313.4,2628603,823804164.1562805
TZA,31.93,28.87,31.12,25762269,801721832.9005566
MDB,483.2,435.8,450.2,1751559,788551883.1813354
TEAM,369.0,340.0,349.5,2191282,765853059.0
PTON,46.5,42.29,43.55,16993958,740086857.934639
DIDI,7.65,6.0,6.07,120240481,729859740.3106465
BRK.A,426000.0,416100.0,418676.0,1736,726821536.0
NTES,105.0,98.8,100.1,7108519,711562741.0532608
NVAX,169.0,156.0,160.5,4430683,711124621.5
GME,183.9,159.1,172.4,4077697,702994937.9117126
MARA,49.52,40.21,41.64,16675302,694359565.1022034
RIOT,34.1,27.8,28.64,24053059,688879595.0791779
BILL,252.9,220.9,237.0,2904704,688414848.0
AEO,27.02,25.93,26.32,25386531,668173488.1726456
VOSO,19.9,11.8,14.51,45649700,662377157.4483871
HUBS,797.0,705.8,745.0,888462,661904190.0
WDAY,270.0,259.9,267.0,2473313,660374571.0
BILI,57.26,52.07,54.94,11786030,647524472.0143509
ON,65.99,62.62,64.05,9782970,626599258.3552551
BX,143.4,133.0,135.3,4432255,599684115.0261688
OKTA,225.0,210.2,214.6,2736240,587197120.7006836
LGVN,26.0,20.01,20.12,28444397,572301291.511488
VALE,13.18,12.52,12.73,43830487,557962079.4459953
CLF,20.38,19.74,20.12,27567084,554649753.2152176
LULU,454.9,430.7,435.7,1267021,552041065.166565
TTD,95.75,88.18,89.51,5978141,535103413.68068695
TDOC,96.74,89.57,92.43,5708689,527654126.0121536
USO,49.93,47.55,48.0,10848553,520730544.0
ITOT,104.2,101.5,102.5,5060971,518749527.5
M,28.13,26.11,26.8,18984064,508772900.7163086
CFVI,12.28,10.11,11.9,42667919,507748219.8234806
MSTR,681.9,616.2,631.0,799144,504259864.0
TRIL,18.49,17.83,18.44,26174700,482661481.9787979
PBR,10.69,10.38,10.63,45194878,480421558.3121433
SLV,20.87,20.38,20.85,22828252,475969062.90828705
SPLK,116.9,108.1,114.2,4136146,472347860.57748413
DELL,58.64,57.43,58.48,8076388,472307166.542923
IAU,33.98,33.6,33.93,13793870,468026013.30955505
SDOW,31.39,29.96,30.54,15096559,461048925.68131256
VMW,119.5,116.6,118.9,3798469,451637969.8960037
VEEV,264.0,247.0,249.5,1798888,448822556.0
FUTU,41.1,35.49,39.18,11451257,448660252.7546463
COUP,180.0,164.7,170.7,2596502,443222883.47610474
ZI,63.21,56.27,56.91,7785786,443089080.07198334
RNG,198.1,180.1,193.7,2247565,435353333.64097595
CONE,89.25,88.88,89.07,4773945,425215279.6931076
PINS,37.46,35.13,35.84,11848125,424636801.8078804
COR,170.6,169.9,170.6,2456798,419129753.795105
SPOT,233.7,221.2,228.8,1828492,418358975.18011475
X,22.8,22.06,22.57,18020641,406725861.8705368
PATH,45.3,42.02,44.32,9109121,403716239.9401169
OLLI,52.95,49.03,49.99,8064626,403150667.276207
GOLD,18.26,17.83,18.22,21910811,399214961.37504005
VCIT,93.91,93.23,93.73,4097938,384099742.49650574
VGLT,93.26,91.13,92.77,4138750,383951823.6064911
SMAR,71.25,63.67,65.94,5800981,382516701.30255127
CP,70.24,68.19,68.88,5465694,376476987.7080231
CHWY,66.4,60.25,62.69,5978194,374772973.6501999
SI,197.2,160.1,164.2,2222273,364897219.818161
ESTC,118.6,108.4,112.7,3207848,361524459.8104248
HOOD,24.06,21.5,21.55,16615777,358069981.6731682
LABU,40.92,34.11,34.97,10217556,357307945.79260254
DOCN,90.75,79.58,84.04,4217105,354405508.06087494
W,239.6,226.6,234.4,1505776,352953885.20947266
SPXS,19.85,18.44,19.29,18129888,349725556.1184082
VTWO,89.07,85.99,86.81,3985520,345982981.46972656
MTUM,183.8,176.4,178.3,1938219,345584453.614975
ZEN,101.95,91.08,96.88,3548454,343774213.77388
PODD,292.7,250.8,263.2,1303483,343076741.5116577
QS,26.96,23.91,24.55,13802064,338840660.66986084
FAS,129.2,118.2,121.6,2740717,333271183.01799774
MNDY,304.5,263.5,275.8,1141431,314806655.8665161
AZN,54.66,53.64,54.23,5751077,311880903.0773659
CFLT,76.91,68.0,72.68,4256299,309347812.6189194
FIVN,135.8,122.3,128.6,2400077,308649916.8489075
MTTR,29.65,24.06,25.51,12061047,307677311.7305546
EQT,19.74,18.59,19.57,15379684,300980411.1864929
LYFT,41.05,38.26,39.47,7595522,299795262.61187744
BHP,56.2,54.0,54.51,5440469,296559956.0583534
BP,27.46,26.76,26.91,10788429,290316622.7438164
DOCS,66.27,56.57,59.86,4788345,286630334.62257385
VEDL,17.25,16.15,16.5,16853700,278086050.0
RH,568.0,525.0,537.1,513295,275690731.9683838
APO,72.65,68.64,70.11,3827471,268343994.1461029
BEKE,18.56,17.26,17.96,14936728,268263621.2050171
FNGU,38.96,33.65,35.12,7630720,267990878.24951172
DKS,115.1,107.9,110.9,2383394,264318398.23677063
CPNG,26.74,25.98,26.55,9937344,263836475.6184082
CYAD,5.32,4.36,4.7,55705275,261814781.875062
AA,44.92,43.26,44.07,5927773,261236954.30098724
KSS,50.09,47.92,48.45,5354923,259446023.43548203
RUN,42.4,38.68,39.95,6373699,254629279.91274643
INMD,72.47,63.15,68.06,3702108,251965461.4416504
PCG,11.99,11.59,11.81,20991877,247914076.17854214
KDP,34.51,33.99,34.47,7180709,247519047.99551392
TECL,80.41,72.13,75.02,3295695,247243027.83657074
RIO,62.61,60.75,61.33,4021032,246609899.9227295
TCOM,28.29,24.93,25.26,9462827,239031012.18586922
FCEL,8.16,7.09,7.29,32546656,237265120.9984436
BURL,292.7,285.2,288.6,817654,235974949.39056396
ZNGA,6.13,5.57,6.11,38571469,235671680.7398467
SU,24.83,23.43,23.58,9983497,235410858.49831963
VGSH,61.13,61.04,61.1,3839299,234581163.04169464
FSR,18.85,17.02,17.62,13280348,233999742.90531158
RDS.A,44.42,43.31,43.58,5314475,231604830.23109436
TLRY,9.55,8.69,8.95,25822319,231109750.12478352
CSGP,79.81,78.21,78.77,2910371,229249913.90007782
GWRE,117.9,107.2,111.3,2052489,228442031.96369934
CHPT,23.44,21.0,21.57,10538229,227309596.31398773
TXG,149.3,136.8,137.9,1645368,226896237.1574707
ITUB,4.13,3.96,3.98,56882000,226390361.08493805
AI,29.94,27.8,29.75,7597152,226015272.0
OPEN,14.95,13.65,14.02,16041958,224908258.5034256
LAC,35.5,30.26,31.39,7151053,224471549.30534363
WSM,187.9,176.8,181.0,1232604,223101324.0
EXAS,82.75,74.85,76.59,2908825,222786896.0975647
CAR,274.5,255.0,261.2,851963,222532745.99993896
NUAN,55.2,55.04,55.07,4034972,222205906.80862427
FTCH,34.3,32.51,33.85,6534519,221193458.1791153
ARDX,1.92,1.46,1.52,144807950,220108081.23800755
UFS,55.5,55.47,55.49,3952600,219329780.63430786
VCSH,81.51,81.3,81.46,2684970,218717653.74183655
SGEN,159.5,148.0,150.7,1444814,217733465.3907776
AMBA,205.7,186.0,193.5,1088077,210542899.5
BLDR,74.41,70.49,71.11,2955858,210191064.18411255
EPAM,624.1,584.5,596.7,349229,208384948.56304932
FVRR,131.0,118.8,124.7,1668304,208037503.70874023
TNDM,136.8,123.2,133.3,1554974,207278038.94540405
DNA,10.27,7.91,8.65,23930316,206997224.2713089
GUSH,94.3,84.27,86.53,2379979,205939579.9647522
HZNP,104.34,98.92,99.84,2029387,202613990.64816284
SEDG,323.1,299.3,307.0,657545,201866315.0
BBD,3.73,3.6,3.63,55577262,201745467.42031288
TME,6.67,5.94,6.05,33328862,201639621.45697594
CRSP,76.85,68.16,70.09,2868276,201037454.33605957
SBNY,321.7,302.4,305.7,656704,200754420.81640625
MDP,59.16,59.02,59.07,3363900,198705571.9734192
FSLY,39.47,35.27,35.92,5489801,197193641.86787415
APSG,10.02,9.91,9.93,19841217,197023290.8650589
LBRDK,161.5,158.5,161.2,1221128,196845829.8734131
CG,55.75,52.53,53.17,3657701,194479955.47254944
APPS,51.3,46.28,48.85,3953137,193110736.41799164
CROX,169.4,157.7,162.4,1162537,188796001.70443726
CYBR,172.5,146.2,151.6,1243989,188588739.9927063
IBN,18.81,18.33,18.48,10192134,188350631.65441132
ROG,272.8,270.5,272.6,689157,187864202.40628052
NVS,80.76,79.64,80.0,2347188,187775040.0
DT,60.68,56.72,59.21,3164296,187357963.2630005
SPCE,15.08,14.02,14.37,12879452,185077723.7660637
ZIM,57.5,53.33,54.35,3403820,184997611.80618286
KKR,76.79,72.58,73.62,2507403,184595015.74678802
AVLR,134.2,126.9,133.9,1374444,184038043.21105957
BYND,68.75,63.51,64.61,2835536,183203982.69067383
ZTO,31.11,28.68,28.86,6284011,181356561.29545593
BBL,55.17,53.3,53.71,3278878,176108534.37809753
MQ,19.02,16.9,17.89,9782002,175000009.8095398
VCLT,109.1,107.4,108.8,1599568,174033003.28149414
NLY,8.22,8.12,8.17,21199200,173197465.6173706
S,50.5,44.1,46.23,3742124,172998390.80699158
YY,46.31,40.8,41.04,4191519,172019943.59745026
ENB,37.73,37.2,37.28,4608181,171792982.05477905
FLXN,9.225,9.12,9.12,18723200,170755581.8572998
CHGG,28.89,27.78,28.56,5972235,170567028.4104824
CLVT,25.24,23.15,23.57,7181783,169274623.11829376
GSK,41.51,41.02,41.25,4085921,168544241.25
SUI,198.7,194.3,197.1,841876,165933764.73840332
FUBO,18.08,16.52,17.59,9409737,165517275.26581192
GDDY,70.65,68.07,69.17,2386802,165095089.969635
DQ,48.23,42.42,43.32,3777075,163622887.8473282
ET,8.48,8.1,8.23,19767512,162686614.71115112
WOLF,120.8,114.0,115.0,1410405,162196575.0
LAD,293.7,284.8,290.8,557481,162115467.994812
SONO,31.8,30.28,30.4,5307311,161342252.37542152
FICO,383.8,373.3,381.5,422316,161113554.0
WIX,147.9,138.2,144.4,1108025,159998803.2371521
ASO,43.64,40.75,41.26,3872346,159772989.4603958
LNG,106.4,101.7,103.5,1543567,159759184.5
INVH,41.79,41.13,41.65,3826447,159371523.38869476
VOYA,63.71,61.89,62.3,2545983,158614738.95756912
GLOB,277.3,250.6,252.3,623768,157376668.30358887
UL,51.66,51.17,51.29,3045493,156203338.75823212
EQH,32.38,31.22,31.44,4961773,155998145.76987267
CNI,129.8,126.9,128.0,1207411,154548608.0
INFY,23.14,22.7,22.88,6754563,154544395.77134514
VGIT,67.41,66.98,67.33,2292240,154336523.3972168
ALLY,47.41,45.92,46.31,3329872,154206376.8928833
NOK,5.76,5.59,5.66,27167966,153770683.41449738
USIG,60.54,60.02,60.4,2533835,153043637.86632538
VTIP,52.17,52.05,52.13,2933384,152917311.05319214
SIRI,6.35,6.19,6.21,24314453,150992754.05752277
DRNA,38.26,38.06,38.25,3924357,150106655.25
BTI,34.44,34.04,34.42,4352121,149799996.85102844
ESPR,6.09,4.96,5.25,28463819,149435049.75
TD,75.46,74.2,74.43,2001082,148940533.87068176
ICLR,278.4,266.2,272.8,544559,148555688.55255127
PLAN,41.89,39.92,41.48,3577415,148391172.56238937
SWBI,18.67,16.0,16.33,9039553,147615899.80033684
WAL,112.1,104.9,105.6,1392718,147071018.67488098
ENTG,155.6,146.0,148.0,992366,146870168.0
FSLR,104.97,96.8,98.25,1490632,146454594.0
AVTR,39.32,36.98,38.27,3776326,144519997.74866486
FIVE,201.4,190.6,192.5,750457,144462972.5
DWAC,46.81,41.56,44.97,3200910,143944926.60736084
LTHM,29.59,26.51,27.85,5155843,143590229.51679802
DECK,404.4,385.6,390.1,367665,143426118.74404907
RY,101.0,99.8,100.2,1430826,143368760.83346558
ERX,30.34,28.28,28.85,4934407,142357643.8323269
NUGT,45.74,43.72,45.52,3123990,142204026.23004913
RLX,4.18,3.56,3.69,38381144,141626423.55618668
SGMS,62.18,57.92,59.1,2385482,140981982.56004333
BMO,109.8,106.5,107.5,1308837,140699977.5
NCNO,51.25,47.51,48.39,2863633,138571199.12217712
INOV,41.06,40.98,41.06,3371200,138421476.62963867
NKLA,9.96,9.22,9.45,14558739,137580080.7731409
ZG,59.68,56.39,59.43,2307973,137162836.09433746
CVA,20.26,20.23,20.26,6694700,135634623.53229523
SAVA,49.9,43.49,45.85,2949087,135215634.45005035
SRPT,83.39,76.23,78.5,1721793,135160750.5
VTEB,55.0,54.92,54.98,2452112,134817116.6375122
BUD,56.54,55.87,56.46,2379503,134346737.20149994
USFD,31.54,30.81,31.22,4288893,133899236.51505089
BROS,49.32,44.0,46.39,2875003,133371387.41523743
NTR,69.09,66.87,67.53,1969675,133012150.34561157
SKLZ,8.54,7.84,8.06,16484512,132865173.63717651
DBX,24.38,23.6,23.96,5511574,132057307.9940033
TOST,36.19,32.2,34.44,3833515,132026251.33546829
SOXS,4.2,3.73,4.06,32478628,131863227.821558
GFS,69.39,63.6,69.03,1906476,131604035.95275879
GDS,52.72,47.2,49.25,2649764,130500877.0
UNG,13.93,13.32,13.33,9726358,129652351.39793777
BG,88.27,86.04,86.62,1485660,128687873.28048706
AEM,49.25,47.09,48.46,2652174,128524349.61186218
SAVE,22.1,21.07,21.49,5974059,128382526.54264641
CCJ,23.63,21.66,21.95,5841303,128216605.30656052
YNDX,71.69,68.74,69.4,1844778,128027596.01490784
UBSI,37.46,35.33,35.36,3593191,127055235.95310974
JWN,20.69,19.71,20.19,6266664,126523949.50675964
ISPC,16.96,12.25,13.24,9535570,126250944.61748123
IONQ,21.35,18.5,18.78,6705110,125921970.40403366
GOOS,39.76,35.88,36.55,3411549,124692113.34719467
VIPS,9.86,8.97,9.16,13606244,124633192.96385193
BIG,47.75,43.5,45.95,2708596,124459988.26649475
BGNE,351.0,311.0,314.1,394857,124024586.11001587
MT,28.16,27.31,27.59,4486885,123793157.83464432
AUPH,21.24,18.4,18.67,6625116,123690916.22545624
ARVN,77.44,74.02,74.44,1661092,123651692.53540039
PAGS,26.56,24.57,24.8,4968820,123226732.20909119
CFX,46.19,44.15,44.89,2741584,123069704.08666992
CPT,170.2,165.7,167.3,733517,122717396.33851624
VG,20.78,20.63,20.78,5899138,122584091.69061661
NTRA,91.69,85.76,86.56,1409474,122004065.99890137
OVV,35.13,32.46,32.68,3721848,121629993.77581787
YUMC,50.2,48.19,48.65,2457789,119571438.60028839
NOVA,34.82,31.3,32.71,3652367,119468921.22615814
TECK,26.8,25.55,25.76,4625592,119155250.97871399
VICI,27.59,27.07,27.21,4363833,118739891.93479156
SQM,60.66,56.93,57.57,2062167,118718953.56067657
STM,48.12,46.73,47.31,2482712,117457108.12948608
HUT,10.75,9.15,9.37,12478830,116926635.67191124
SYNA,293.2,277.1,280.1,416021,116527484.63919067
CNQ,41.47,40.01,40.43,2865975,115871370.12462616
BRKS,116.9,112.2,113.1,1022700,115667368.43948364
SPWH,15.5,13.5,13.61,8492665,115585167.73427486
PBR.A,10.24,9.94,10.15,11369098,115396340.3630333
PK,16.93,16.36,16.71,6893334,115187604.82896423
EDU,2.02,1.83,1.87,61383425,114787005.04269898
AAXJ,84.13,82.67,83.01,1381393,114669435.88097382
BRKR,83.0,77.91,79.04,1449354,114556941.48692322
BB,9.39,8.69,8.94,12791234,114353626.59258461
AXON,160.1,149.4,151.4,750358,113604196.62017822
VMBS,52.99,52.84,52.98,2124596,112561095.10743713
YETI,90.31,84.66,85.59,1307296,111891459.85253906
JBLU,14.0,13.39,13.6,8215052,111724710.33379364
SPT,106.21,92.21,97.18,1135094,110308435.2664032
BNS,66.38,65.18,65.37,1683784,110068964.70465088
IQ,5.34,4.66,4.71,23364614,110047332.83128929
PRG,47.0,44.98,45.14,2437662,110036061.19216919
HTZ,24.2,23.44,24.06,4565598,109848285.44170761
ALNY,185.5,170.3,171.4,640148,109721363.29284668
CCK,108.4,106.1,107.2,1021861,109543496.08152771
AR,17.01,15.79,16.31,6704802,109355317.03924942
ARCH,82.48,79.76,82.12,1327142,108984904.68510437
MP,43.85,40.24,41.48,2616937,108550545.56206131
EPD,21.5,21.04,21.21,5106985,108319147.17441559
ARGX,294.3,283.5,283.7,381056,108105591.8515625
XP,30.02,28.65,29.0,3727308,108091932.0
BMRN,84.97,82.35,82.95,1300145,107847023.78227234
CPRI,64.05,60.92,61.5,1743379,107217808.5
AN,127.5,123.4,124.0,860548,106707952.0
CVE,12.4,11.72,11.85,8991244,106546244.82988739
HRC,155.8,155.7,155.7,683508,106422193.51409912
SSNC,76.41,74.32,75.03,1412564,105984675.19567871
PUBM,37.41,33.51,36.03,2938126,105860676.19342041
OC,91.07,88.16,90.54,1162702,105271040.14448547
GXO,94.04,85.72,88.02,1195223,105203524.44771576
WPM,40.39,39.25,39.85,2628373,104740660.03942108
WISH,3.42,3.15,3.28,31903975,104645037.08721995
PPD,47.33,47.17,47.25,2210891,104464599.75
TEVA,8.23,7.94,8.05,12975999,104456794.4249754
GH,97.13,87.0,90.7,1147349,104064550.79856873
RKLB,15.11,12.74,13.0,7999389,103992057.0
CHKP,111.6,107.9,109.3,948401,103660232.19429016
SIG,91.84,83.49,84.48,1225635,103541648.9143753
AGL,23.45,21.45,21.62,4784428,103439337.37525177
PCTY,260.1,241.1,243.8,420264,102460364.48254395
STLD,61.46,58.89,59.37,1720508,102146558.1222992
JKS,50.0,43.21,43.58,2332341,101643425.05064392
GLBE,60.47,54.03,56.55,1795701,101546890.17998886
STNE,16.12,15.07,15.25,6635792,101195828.0
BZ,32.11,29.64,30.35,3324030,100884311.76801682
FNV,132.8,128.8,132.8,757922,100652043.91299438
NICE,295.5,281.3,287.9,348359,100292553.9737854
VIR,49.49,43.86,44.31,2257553,100032176.53027725
GGPI,12.62,11.5,11.95,8359937,99901245.55546856
BOX,26.47,25.43,25.79,3862590,99616199.63630676
DAR,67.46,64.16,64.7,1538196,99521276.50579834
SFIX,23.77,22.09,23.17,4288222,99358104.06716537
AGC,13.63,11.01,11.01,9006500,99161567.06142426
KDMN,9.5,9.48,9.5,10424500,99032750.0
PSTG,32.55,31.03,31.6,3130669,98929141.59425545
WB,33.61,30.38,32.18,3072822,98883412.89775085
TREX,137.9,131.2,134.8,731916,98662279.03363037
STEM,19.59,17.64,17.77,5515127,98003809.31462479
TW,98.98,94.29,95.72,1019488,97585392.60449219
NTLA,110.0,99.3,101.0,965459,97511359.0
BAM,57.72,54.85,55.5,1750426,97148643.0
HSBC,28.75,28.23,28.42,3418112,97142743.30078125
DOMO,61.29,47.81,48.26,2010478,97025664.90547943
OCGN,6.4,5.65,5.76,16822060,96895069.45026398
CIEN,62.4,60.41,61.09,1581880,96637049.44137573
OHI,28.34,27.44,27.62,3497168,96591783.09494019
PDBC,15.24,14.82,14.9,6468039,96373778.63263893
RDS.B,44.22,43.12,43.42,2218162,96312589.97842407
WCN,136.4,133.2,133.8,717782,96039233.79049683
SPWR,27.33,24.18,24.44,3928553,96013837.41807365
EYE,48.77,46.97,47.99,2000021,95981011.14696884
BLNK,36.21,32.01,32.91,2913872,95895527.07537842
GUNR,38.11,37.26,37.51,2535406,95103074.80440521
LMND,47.92,43.03,44.06,2151128,94778702.63412476
BJ,66.26,63.84,65.03,1455139,94627687.39370728
PROG,2.71,2.27,2.36,39947325,94275682.80935884
SAM,460.6,447.6,460.4,204680,94234670.75073242
PTPI,3.44,2.41,2.48,37987891,94209970.40456152
TPX,45.3,43.39,43.67,2145243,93682757.88194275
SWN,4.67,4.41,4.57,20482097,93603186.80598497
HUN,32.35,31.65,31.85,2934330,93458411.61935806
KL,38.45,37.35,38.38,2421942,92954136.54691315
RAVN,58.22,57.98,58.08,1599200,92881538.92822266
MIDD,178.2,168.6,172.1,539591,92863614.3934021
SMG,141.4,133.9,134.0,692970,92857980.0
VOD,14.79,14.64,14.73,6276114,92447156.34702301
HIBB,78.87,64.22,69.08,1329568,91846559.87451172
ARW,125.8,121.3,122.2,748767,91499325.11494446
MGA,79.27,76.81,77.06,1186437,91426832.3234253
CLOV,4.56,4.15,4.3,21252234,91384610.25354195
SNY,47.53,46.92,47.07,1941080,91366635.0076294
LAZR,15.72,14.23,14.52,6250890,90762925.66143036
SG,31.32,24.33,24.82,3627923,90045047.75284576
TTE,48.31,47.44,47.88,1871581,89611300.27906418
CAN,8.45,6.0,6.06,14757725,89431812.6555562
BE,26.32,23.72,24.72,3600128,88995161.68798828
HDB,67.65,65.94,66.27,1335142,88479855.85801697
MTN,334.6,324.0,327.4,269929,88374752.95248413
FLEX,17.59,16.54,16.66,5281408,87988256.4741211
ONON,39.95,36.01,36.8,2388778,87907028.57750702
FL,45.22,43.52,43.96,1997912,87828209.69085693
AGNC,15.45,15.26,15.33,5699948,87380202.40512848
RPD,120.5,111.7,114.3,761221,87007562.62306213
OMCL,177.4,168.6,174.9,496717,86875800.26828003
TXRH,84.5,81.56,82.5,1052396,86822670.0
QSR,56.82,55.82,56.1,1545925,86726390.14110565
BYD,60.09,58.2,59.68,1450715,86578671.64272308
FDS,474.6,457.6,466.4,185257,86403863.669281
RPRX,39.6,37.4,37.65,2291151,86261838.64601898
BLDP,14.09,12.86,13.23,6512911,86165809.54862595
CUBE,55.15,53.38,54.34,1583794,86063366.20166779
REXR,71.68,70.31,71.52,1201643,85941503.32616425
ACMR,83.03,76.15,78.69,1092111,85938217.25628662
OSH,31.26,27.75,28.4,3023774,85875180.44652176
VST,21.1,20.57,20.71,4142961,85800718.51700592
RNR,165.9,161.1,162.0,527035,85379670.0
WRBY,50.31,44.82,45.87,1844474,84606020.40988922
CNHI,17.02,16.63,16.75,5049800,84584150.0
MRTX,137.7,131.0,132.4,638809,84578307.70101929
ELS,83.66,81.97,83.13,1015492,84417847.17086792
OSTK,84.56,79.4,80.7,1042107,84098031.71974182
AZTA,109.8,104.0,106.3,790465,84026431.91230774
CLR,45.42,42.34,43.01,1948579,83808379.51937485
LSCC,77.3,73.15,74.25,1127616,83725488.0
UMC,12.42,11.99,12.08,6929411,83707284.3513279
BIRD,16.35,13.91,14.19,5860904,83166225.30066681
TWST,92.52,80.01,81.14,1022777,82988125.15574646
ELAN,29.38,28.06,28.17,2943297,82912676.71455574
SITM,296.3,272.7,279.0,297095,82889505.0
TOL,69.72,67.37,68.26,1214015,82868666.49341583
QFIN,21.0,18.9,20.06,4128582,82819352.71509933
ATUS,16.98,16.43,16.93,4877650,82578615.98854065
PHG,34.35,33.6,33.98,2428416,82517574.56835938
BERY,71.91,69.32,70.04,1171903,82080087.19290924
BHVN,109.9,102.1,103.6,790233,81868137.59420013
CGC,10.36,9.8,9.99,8159613,81514532.0024128
FDN,224.4,215.7,219.2,371298,81388520.46688843
NVCR,91.0,81.38,82.06,991365,81351409.4796753
NVO,109.4,106.1,107.1,759528,81345447.64105225
AUY,3.97,3.85,3.92,20724386,81239594.70114517
WH,80.41,77.87,78.14,1038227,81127057.14631653
LEA,177.2,173.0,174.8,463968,81101607.81591797
TAL,4.89,4.5,4.57,17650586,80663181.0499239
SAP,130.7,128.1,129.0,624610,80574690.0
LU,6.09,5.46,6.07,13273047,80567397.56846952
TRU,114.5,111.4,112.7,709036,79908355.03619385
LABD,30.3,25.73,29.72,2688676,79907448.8738327
RVLV,70.98,64.74,66.22,1202652,79639616.90808105
FRPT,108.3,101.3,102.3,772025,78978159.85603333
RGEN,271.5,251.7,262.9,299301,78686231.07321167
LPX,71.57,69.74,70.62,1113185,78613127.75745392
SONY,121.8,118.5,120.0,653660,78439200.0
LPLA,163.1,156.2,157.9,495567,78250026.27529907
KNX,58.25,56.67,57.46,1356005,77916046.05854034
TIGR,5.64,4.63,5.57,13974664,77838880.87891006
MPW,21.58,21.15,21.36,3624204,77412999.65203857
JMIA,11.24,10.24,10.75,7184561,77234030.75
GDRX,39.73,36.79,38.42,2008667,77172982.46202087
SWCH,26.68,25.94,26.22,2942840,77161262.77931213
OSK,110.8,108.0,110.4,698337,77096405.8655777
DLB,86.8,85.0,86.75,888195,77050916.25
NBIX,81.38,79.01,79.68,966671,77024345.57500458
OLN,53.46,51.69,52.08,1477459,76946067.42530823
PLBY,37.9,33.27,35.49,2166592,76892353.71655273
CD,8.08,5.4,5.92,12971052,76788628.82961273
SLAB,202.0,190.7,193.1,396902,76641778.62249756
EVR,140.3,132.1,134.2,569782,76464742.66116333
CPE,50.58,46.07,47.19,1618632,76383241.85714722
PTLO,39.64,34.58,35.44,2153078,76305081.36319733
IBKR,76.9,74.0,74.91,1017258,76202800.50531006
CACC,651.9,636.1,648.6,117463,76186498.93225098
CM,109.5,108.2,109.2,694797,75871830.27964783
AGCO,114.5,112.0,113.3,669278,75829199.44247437
ALEC,21.33,18.61,19.45,3897700,75810267.9737091
EVBG,111.5,104.5,111.1,681946,75764199.55943298
FWONK,61.44,60.1,60.8,1242834,75564306.25179291
JLL,245.5,238.4,240.5,313829,75475874.5
CCEP,53.17,51.94,53.09,1420953,75438394.98682022
BL,106.4,101.2,103.4,729405,75420478.1129837
ABUS,4.45,3.92,4.15,18139019,75276930.57987165
DDS,272.3,245.4,250.8,299219,75044126.11314392
FNF,50.94,49.42,49.52,1514555,75000764.29330826
SEAS,62.06,59.25,59.51,1259613,74959567.5157814
