tickers,assetclass
MMM,equity
ABT,equity
ABBV,equity
ABMD,equity
ACN,equity
ATVI,equity
ADBE,equity
AMD,equity
AAP,equity
AES,equity
AFL,equity
A,equity
APD,equity
AKAM,equity
ALK,equity
ALB,equity
ARE,equity
ALGN,equity
ALLE,equity
LNT,equity
ALL,equity
GOOGL,equity
GOOG,equity
MO,equity
AMZN,equity
AMCR,equity
AEE,equity
AAL,equity
AEP,equity
AXP,equity
AIG,equity
AMT,equity
AWK,equity
AMP,equity
ABC,equity
AME,equity
AMGN,equity
APH,equity
ADI,equity
ANSS,equity
ANTM,equity
AON,equity
AOS,equity
APA,equity
AAPL,equity
AMAT,equity
APTV,equity
ADM,equity
ANET,equity
AJG,equity
AIZ,equity
T,equity
ATO,equity
ADSK,equity
ADP,equity
AZO,equity
AVB,equity
AVY,equity
BKR,equity
BLL,equity
BAC,equity
BBWI,equity
BAX,equity
BDX,equity
BRK-B,equity
BBY,equity
BIO,equity
TECH,equity
BIIB,equity
BLK,equity
BK,equity
BA,equity
BKNG,equity
BWA,equity
BXP,equity
BSX,equity
BMY,equity
AVGO,equity
BR,equity
BRO,equity
BF-B,equity
CHRW,equity
CDNS,equity
CZR,equity
CPB,equity
COF,equity
CAH,equity
KMX,equity
CCL,equity
CARR,equity
CTLT,equity
CAT,equity
CBOE,equity
CBRE,equity
CDW,equity
CE,equity
CNC,equity
CNP,equity
CDAY,equity
CERN,equity
CF,equity
CRL,equity
SCHW,equity
CHTR,equity
CVX,equity
CMG,equity
CB,equity
CHD,equity
CI,equity
CINF,equity
CTAS,equity
CSCO,equity
C,equity
CFG,equity
CTXS,equity
CLX,equity
CME,equity
CMS,equity
KO,equity
CTSH,equity
CL,equity
CMCSA,equity
CMA,equity
CAG,equity
COP,equity
ED,equity
STZ,equity
COO,equity
CPRT,equity
GLW,equity
CTVA,equity
COST,equity
CTRA,equity
CCI,equity
CSX,equity
CMI,equity
CVS,equity
DHI,equity
DHR,equity
DRI,equity
DVA,equity
DE,equity
DAL,equity
XRAY,equity
DVN,equity
DXCM,equity
FANG,equity
DLR,equity
DFS,equity
DISCA,equity
DISCK,equity
DISH,equity
DG,equity
DLTR,equity
D,equity
DPZ,equity
DOV,equity
DOW,equity
DTE,equity
DUK,equity
DRE,equity
DD,equity
DXC,equity
EMN,equity
ETN,equity
EBAY,equity
ECL,equity
EIX,equity
EW,equity
EA,equity
EMR,equity
ENPH,equity
ETR,equity
EOG,equity
EFX,equity
EQIX,equity
EQR,equity
ESS,equity
EL,equity
ETSY,equity
EVRG,equity
ES,equity
RE,equity
EXC,equity
EXPE,equity
EXPD,equity
EXR,equity
XOM,equity
FFIV,equity
FAST,equity
FRT,equity
FDX,equity
FIS,equity
FITB,equity
FE,equity
FRC,equity
FISV,equity
FLT,equity
FMC,equity
F,equity
FTNT,equity
FTV,equity
FBHS,equity
FOXA,equity
FOX,equity
BEN,equity
FCX,equity
GPS,equity
GRMN,equity
IT,equity
GNRC,equity
GD,equity
GE,equity
GIS,equity
GM,equity
GPC,equity
GILD,equity
GL,equity
GPN,equity
GS,equity
GWW,equity
HAL,equity
HBI,equity
HIG,equity
HAS,equity
HCA,equity
PEAK,equity
HSIC,equity
HSY,equity
HES,equity
HPE,equity
HLT,equity
HOLX,equity
HD,equity
HON,equity
HRL,equity
HST,equity
HWM,equity
HPQ,equity
HUM,equity
HBAN,equity
HII,equity
IEX,equity
IDXX,equity
INFO,equity
ITW,equity
ILMN,equity
INCY,equity
IR,equity
INTC,equity
ICE,equity
IBM,equity
IP,equity
IPG,equity
IFF,equity
INTU,equity
ISRG,equity
IVZ,equity
IPGP,equity
IQV,equity
IRM,equity
JKHY,equity
J,equity
JBHT,equity
SJM,equity
JNJ,equity
JCI,equity
JPM,equity
JNPR,equity
KSU,equity
K,equity
KEY,equity
KEYS,equity
KMB,equity
KIM,equity
KMI,equity
KLAC,equity
KHC,equity
KR,equity
LHX,equity
LH,equity
LRCX,equity
LW,equity
LVS,equity
LEG,equity
LDOS,equity
LEN,equity
LLY,equity
LNC,equity
LIN,equity
LYV,equity
LKQ,equity
LMT,equity
L,equity
LOW,equity
LUMN,equity
LYB,equity
MTB,equity
MRO,equity
MPC,equity
MKTX,equity
MAR,equity
MMC,equity
MLM,equity
MAS,equity
MA,equity
MTCH,equity
MKC,equity
MCD,equity
MCK,equity
MDT,equity
MRK,equity
FB,equity
MET,equity
MTD,equity
MGM,equity
MCHP,equity
MU,equity
MSFT,equity
MAA,equity
MRNA,equity
MHK,equity
TAP,equity
MDLZ,equity
MPWR,equity
MNST,equity
MCO,equity
MS,equity
MOS,equity
MSI,equity
MSCI,equity
NDAQ,equity
NTAP,equity
NFLX,equity
NWL,equity
NEM,equity
NWSA,equity
NWS,equity
NEE,equity
NLSN,equity
NKE,equity
NI,equity
NSC,equity
NTRS,equity
NOC,equity
NLOK,equity
NCLH,equity
NRG,equity
NUE,equity
NVDA,equity
NVR,equity
NXPI,equity
ORLY,equity
OXY,equity
ODFL,equity
OMC,equity
OKE,equity
ORCL,equity
OGN,equity
OTIS,equity
PCAR,equity
PKG,equity
PH,equity
PAYX,equity
PAYC,equity
PYPL,equity
PENN,equity
PNR,equity
PBCT,equity
PEP,equity
PKI,equity
PFE,equity
PM,equity
PSX,equity
PNW,equity
PXD,equity
PNC,equity
POOL,equity
PPG,equity
PPL,equity
PFG,equity
PG,equity
PGR,equity
PLD,equity
PRU,equity
PTC,equity
PEG,equity
PSA,equity
PHM,equity
PVH,equity
QRVO,equity
PWR,equity
QCOM,equity
DGX,equity
RL,equity
RJF,equity
RTX,equity
O,equity
REG,equity
REGN,equity
RF,equity
RSG,equity
RMD,equity
RHI,equity
ROK,equity
ROL,equity
ROP,equity
ROST,equity
RCL,equity
SPGI,equity
CRM,equity
SBAC,equity
SLB,equity
STX,equity
SEE,equity
SRE,equity
NOW,equity
SHW,equity
SPG,equity
SWKS,equity
SNA,equity
SO,equity
LUV,equity
SWK,equity
SBUX,equity
STT,equity
STE,equity
SYK,equity
SIVB,equity
SYF,equity
SNPS,equity
SYY,equity
TMUS,equity
TROW,equity
TTWO,equity
TPR,equity
TGT,equity
TEL,equity
TDY,equity
TFX,equity
TER,equity
TSLA,equity
TXN,equity
TXT,equity
TMO,equity
TJX,equity
TSCO,equity
TT,equity
TDG,equity
TRV,equity
TRMB,equity
TFC,equity
TWTR,equity
TYL,equity
TSN,equity
UDR,equity
ULTA,equity
USB,equity
UAA,equity
UA,equity
UNP,equity
UAL,equity
UNH,equity
UPS,equity
URI,equity
UHS,equity
VLO,equity
VTR,equity
VRSN,equity
VRSK,equity
VZ,equity
VRTX,equity
VFC,equity
VIAC,equity
VTRS,equity
V,equity
VNO,equity
VMC,equity
WRB,equity
WAB,equity
WMT,equity
WBA,equity
DIS,equity
WM,equity
WAT,equity
WEC,equity
WFC,equity
WELL,equity
WST,equity
WDC,equity
WU,equity
WRK,equity
WY,equity
WHR,equity
WMB,equity
WLTW,equity
WYNN,equity
XEL,equity
XLNX,equity
XYL,equity
YUM,equity
ZBRA,equity
ZBH,equity
ZION,equity
ZTS,equity
